feedback_date,feedback_content,label,scene
2025-05-01 14:47:26,有一个单词没翻译语音,缺少中文朗读,
2025-05-02 10:11:21,就不可以重新再把那个诗句再读一遍吧，每次他都要停下来，我还得点太麻烦了，所以请您下次注意点，谢谢。,朗读卡顿重复,
2025-05-02 17:58:23,有些单词没有发音。,发音朗读问题,
2025-05-02 21:36:49,没有跟读 ，建议添加 ,朗读功能优化,希望能有跟读功能辅助发音学习
2025-05-03 07:38:05,读课文顺序有问题。,朗读不自然,
2025-05-04 10:34:42, 播放失败，这些都是我不喜欢播放失败,朗读卡顿重复,
2025-05-05 07:43:11,"
这种页该怎么读英语单词？和英语句子。",Audio_Issues,
2025-05-05 09:11:54,还有一些语音不标准,发音不准确,
2025-05-05 09:53:47,请问180怎么读🙃,发音不准确,
2025-05-05 18:25:35,不要一下读那个一下读这个,朗读卡顿重复,
2025-05-05 21:35:24,点读建议有题读几遍，或者是一直读,朗读功能优化,希望调整朗读次数或节奏
2025-05-05 21:49:47,读的语气有待提高，有点怪～（无恶意） ,朗读不自然,
2025-05-06 18:22:57,不按顺序读，还有一点没有读,朗读卡顿重复,
2025-05-06 18:53:26,发音不准，说的太快,发音不准确,
2025-05-06 19:41:04,可以一句话来回播放,朗读功能优化,反复听读句子，辅助学习发音
2025-05-06 20:22:31,发音不标准，读的很快,发音不准确,
2025-05-06 20:53:07,跟不上，读的有点快,朗读速度问题,
2025-05-06 22:13:49,长的段不要把一个单词分成两个读,朗读卡顿重复,
2025-05-07 20:07:47,没按顺序来读对话,朗读不自然,
2025-05-07 21:07:36,有的没有英文朗读。,缺少中文朗读,
2025-05-08 19:26:07,"顺序有错误
声音不正确",发音不准确,
2025-05-08 20:44:14,"photo没有读音
",发音不准确,
2025-05-08 21:11:37,点读的时候，放连续播放。到最后几个单词的时候，读完了应该是要从头放的，但是它不动了，也没有声音。退出去重进也没有。只显示播放，但是没有声音。,朗读卡顿重复,
2025-05-08 21:33:33,不能自己选择要读的,朗读功能优化,自定义选择需要朗读的内容
2025-05-08 21:37:28, 点不到自己想要读的，一直一直一直读，我要取关了,朗读卡顿重复,
2025-05-08 21:43:12,全读玩但不会在读一遍,朗读卡顿重复,
2025-05-09 20:19:38,有些单词不能读那个音就比如你服务员和警察,发音不准确,
2025-05-10 10:07:08,不能一句话一句话的读。,朗读不自然,
2025-05-10 16:21:28,我点开一个单词，他不给我读想问一下怎么回事,朗读功能优化,学习单词发音，辅助记忆
2025-05-10 21:18:39,他一段一段的不清楚，不知道怎么读。,朗读不自然,
2025-05-11 12:38:38,有你先读一句然后我再读一句。,朗读功能优化,希望改进朗读功能，辅助跟读学习
2025-05-11 15:04:38,点出一个单词自动播放语音,朗读功能优化,学习单词，听发音辅助记忆
2025-05-11 15:38:00,每个都要有音频播放,朗读功能优化,希望每个翻译结果都有音频播放
2025-05-11 16:28:08,杨林的发音不标准 是杨林 不是杨丽,发音不准确,
2025-05-11 20:25:42,我拍了这个英语书本然后呢点这个单词的时候不读书的声音,朗读功能优化,学习单词发音，辅助记忆
2025-05-11 22:02:18,明明是一句句子，他读成了单词。,朗读不自然,
2025-05-12 18:50:43,第2幅图和第3幅图读错了，应该是先读Is this a ball，Sam？在读I thinK  so.在读Lets  play.在读Ouch！ Whats the matter？最后读My hand hurts.,发音不准确,
2025-05-13 18:29:42,我觉得再加上读就好了，就是整体读别去自己去翻译完了再加上。写。,朗读功能优化,希望改进朗读功能，提升体验
2025-05-13 20:23:06,希望真人读不是小猿机器人读。,朗读不自然,
2025-05-13 20:24:28,根本没有按顺序在读。,朗读卡顿重复,
2025-05-14 21:39:04,可以点那个字母，然后呢？可以读的,朗读功能优化,希望改进朗读功能，点击字母朗读
2025-05-15 20:46:42,点读的时候，读的跟书上不一样。,发音不准确,
2025-05-15 20:49:38,很好，语速有点快，希望慢一点,朗读速度问题,
2025-05-15 21:24:28,发音不准确，发音不完整，文字识别有误,发音不准确,
2025-05-15 21:53:42,建议可以在拍照后有点读评分，可以读,朗读功能优化,学习发音，提升口语能力
2025-05-16 21:29:16,"不知道怎么读
这个字，教一教？",发音不准确,
2025-05-17 11:40:53,英语单词电子朗读的词语，这个英语单词读的不对,发音不准确,
2025-05-17 15:12:15,翻译的时候中中文英语都要读,朗读功能优化,希望中英文都能朗读
2025-05-17 20:26:38,我认为可以再添加一个翻译后的点读,朗读功能优化,翻译后点读，辅助发音学习
2025-05-18 16:38:11,读的太快，没有停顿,朗读速度问题,
2025-05-19 18:53:01,原文点读发不出声音,朗读不自然,
2025-05-19 19:13:43,选的全文阅读有的读的不清楚。😭😭😭,朗读不自然,
2025-05-19 20:04:16,tⅰme不读TIME,发音不准确,
2025-05-19 21:16:54,读到一半不读了不知道怎么回事啊,朗读卡顿重复,
2025-05-20 09:38:51,怎么没有声音？我一直说他就说发音不准确，而且是咋回事说你们想不想要投诉，我现在就投诉你们,发音不准确,
2025-05-20 12:46:33,有病，点进去不会读，一看就是犯病了。,朗读不自然,
2025-05-20 20:44:13,他那个连续播放就是我以为是只播放一个的话，那就我想只播放一个就播放不了，再连续播放，希望你们可以改进一下。然后其他就没啥了嘛，然后其他的,朗读卡顿重复,
2025-05-21 19:14:21,翻译的别这么人机,朗读不自然,
2025-05-21 21:04:15,读音不标准，没有以前的好,发音不准确,
2025-05-21 21:51:03,有些人机哈，没有感情，人名不怎刘利,朗读不自然,
2025-05-21 22:13:53,"声音难听换一个声音
",朗读不自然,
2025-05-22 17:05:51,请喝一杯茶/咖啡，of tea 没有读,朗读不自然,
2025-05-22 19:34:40,声音听都听不到，不知道是我们给他读还是他给我们读，我们声音都放到最大了，也听不到一点声音,朗读不自然,
2025-05-22 20:43:01,能不能让他读到按顺序读？不要按，他自己理解的都行不行？,朗读不自然,
2025-05-24 10:25:43,朗读声音太难听了,朗读不自然,
2025-05-24 11:06:03,你们是有的不播放不好,朗读不自然,
2025-05-24 11:09:52,播放的音频不到位而且易常,朗读不自然,
2025-05-24 19:17:20,没有按顺序播放。发音也不怎么准。,发音不准确,
2025-05-24 19:19:14,没按顺序，顺序都乱了。还读第三幅图，后面又读到第四幅图。我还没读完就读第四幅图，什么意思啊？,朗读卡顿重复,
2025-05-25 07:12:35,点读有时候不是一整句,朗读卡顿重复,
2025-05-25 11:27:47,以后的单词没有音频,Audio_Issues,
2025-05-25 11:28:33,没有按照顺序来读,朗读卡顿重复,
2025-05-25 16:44:59,怎么没有读的选项？,发音朗读问题,
2025-05-25 19:33:56,节奏太快，孩子跟读跟不上,朗读速度问题,
2025-05-26 13:26:05,朗读时没有按课文的顺序来朗读。,朗读不自然,
2025-05-26 19:54:32,读的太快了，慢语速的话又太慢了，能不能调成0.95的速度,朗读速度问题,
2025-05-26 21:07:52,不能只读单词和中文意思,朗读功能优化,希望翻译结果能完整朗读单词和中文意思
2025-05-26 22:07:49,什么破软件啊没有读音,缺少中文朗读,
2025-05-26 23:20:20,"Beeno他给我读成BEENO
",发音不准确,
2025-05-28 20:28:01,语音老是莫名其妙的播放失败,朗读卡顿重复,
2025-05-28 22:00:07,整段文字分成一句一句无法连读,朗读不自然,
2025-05-30 22:32:51,翻译的时候要整句整句的读出来，而且要标准,朗读不自然,
2025-05-31 08:41:44,再用0.75倍的时候他读完一句他就停下来了继续播放,朗读卡顿重复,
2025-05-31 20:16:45,小猿读的不标准，而且呢，有些单词它不能读，只能翻译，而且有些翻译是错的,发音不准确,
2025-06-01 08:15:39,能不能别把英语的音标也读出来？,朗读不自然,
2025-06-01 12:02:47,读音不清，多加改进,朗读不自然,
2025-06-02 08:49:42,我要你把它读出来，没叫你把他的意思写出来，我要的是读音，不是意思，有毛病,缺少中文朗读,
2025-06-02 09:06:32,读太快了！读清处哦“,朗读速度问题,
2025-06-02 16:22:35,下次声音好一点，不要卡卡的,朗读卡顿重复,
2025-06-04 20:21:05,读了几遍后放不出来。,朗读卡顿重复,
2025-06-05 19:50:58,我点读的时候听不懂,朗读不自然,
2025-06-05 22:31:02,"读音有错。跟原版不一样。
和别人读的都不一样。都不一样。老师还让我们别用这个。一点都不好用。建议升级一下这个读音系统。多让我们这种同学。听到更准确的发音。让我们多学到英语的。单词。学会正确的发音。所以。我建议你还是把这个系统升级一下，不然的话我有可能我经常做这个，但是你这个发音不准确，老师我经常。太亏了。",发音不准确,
2025-06-06 19:27:37,设置一个3、0x的速度,朗读速度问题,
2025-06-06 21:48:54,希望可以增加逐句朗读的功能,朗读功能优化,逐句朗读，方便学习理解
2025-06-07 10:37:45,声音我想改成豆包的。,朗读功能优化,希望更换为其他更自然的朗读声音
2025-06-07 13:04:28,有个把句子不会读，但是一定要把全文听完了才听得到。,朗读卡顿重复,
2025-06-07 15:25:41,讲个翻译出来不要一个一个,朗读卡顿重复,
2025-06-07 22:49:56,这个句子刚点读一半就跳到另一个句子了,朗读卡顿重复,
2025-06-08 08:56:19,不会连继接下一段读,朗读卡顿重复,
2025-06-08 09:20:19,"读的速度好快希望慢一点
",朗读速度问题,
2025-06-08 14:35:01,太快了吧，好讨厌呢,朗读速度问题,
2025-06-08 20:42:26,我不喜欢他唱的那么快,朗读速度问题,
2025-06-08 21:25:41,不读拼音，有些还发音不标准，下次注意。,发音不准确,
2025-06-08 22:34:33,说到一半。像没气的一样,朗读不自然,
2025-06-10 15:01:37,AI识别词语也要整读音,发音不准确,
2025-06-10 19:12:18,读的字音一点都不标准差评。,发音不准确,
2025-06-10 20:13:03,一点都不标准，没有一个是标准的,发音不准确,
2025-06-10 20:31:05,读了几变就不能读了,朗读卡顿重复,
2025-06-11 21:38:25,太快了，听不清单词,朗读速度问题,
2025-06-12 21:17:49,建议增加一点英语单词就可以读出声来。,朗读功能优化,学习单词发音，辅助记忆
2025-06-12 21:20:44,太长了无法重复听重复听一次又要重新从最开始听一遍。,朗读卡顿重复,
2025-06-12 22:14:52,piggy这个单词没有发音！！！（｀Δ´）！,发音不准确,
2025-06-12 22:38:00,把音也读出来了，建议不要读出来,朗读功能优化,希望关闭发音朗读，避免干扰阅读
2025-06-13 08:30:58,不是出拼音啊是人吗,发音不准确,
2025-06-13 12:49:17,翻译错误把Look读成了 Lo和ok ,发音不准确,
2025-06-14 08:58:37,建议可以一句一句单独读,朗读功能优化,逐句朗读，方便逐句学习
2025-06-14 09:44:25,想要可以点读一个单词,朗读功能优化,学习单词，点读发音练习
2025-06-14 11:10:50,他一点都不标准一点都听不清楚他animal animal他说一点都听不懂所以我要回来,朗读不自然,
2025-06-15 19:15:05,比如说Something的简写他直接读成Sth,发音不准确,
2025-06-15 23:35:28,有的时候不按顺序读,朗读卡顿重复,
2025-06-16 20:03:07,"
念的时候再慢一点就可以了。",朗读速度问题,
2025-06-17 12:34:36,只想让AI读英语,朗读功能优化,希望仅朗读英文内容
2025-06-17 13:36:09,希望还可以点读英文😅😅😅,朗读功能优化,学习英语，点读英文单词或句子
2025-06-17 17:41:12,听不懂，而且读起来也不太好,朗读不自然,
2025-06-17 18:13:41,听全听不懂，太快了。😡,朗读速度问题,
2025-06-17 19:41:22,为什么突然就不能播放,朗读卡顿重复,
2025-06-17 21:24:47,本来是hot他读成H0T,发音不准确,
2025-06-18 19:55:25,"就是那个没有连续读的。
",朗读不自然,
2025-06-18 20:47:21,有些上面显示你不能给我读出来，还是抱歉，这个有问题请重试。,朗读不自然,
2025-06-19 18:56:08,我点的时候我想要他读出来那一个方框里面的单词,朗读功能优化,学习单词，希望听发音辅助记忆
2025-06-19 20:37:17,说的不是读英文吗怎么读的中文,朗读不自然,
2025-06-19 21:34:02,点了没声音，退出也是一样,朗读不自然,
2025-06-20 12:58:17,他没有读出英文给我听。,缺少中文朗读,
2025-06-20 13:02:23,我是中国人，不是英国人，所以你不要读英语，我才上二年级,朗读不自然,
2025-06-22 13:16:11,只读中文，不读英文，应该中文和英文一起读,缺少中文朗读,
2025-06-22 13:17:25, 没有可以连读的吗？,朗读不自然,
2025-06-22 18:39:23,原文点读没有发出声音来。,朗读不自然,
2025-06-23 13:05:16,不能一起发音出来吗？,朗读功能优化,希望多词语句一起朗读
2025-06-23 13:05:44,发音不能一起全发音了吗？,朗读不自然,
2025-06-23 18:52:46,没有一句一句的读，不能。跟着读,朗读不自然,
2025-06-23 21:46:45,"有时候那个没有声音了。

",朗读不自然,
2025-06-24 20:34:11,你什么意思啊！会不会读！,发音不准确,
2025-06-24 21:21:42,太好了，我的意见是可以点读。,朗读功能优化,希望支持点读功能，辅助学习
2025-06-24 22:22:32,你中间两个没有跟读？,朗读不自然,
2025-06-25 18:51:05,"我要读英语不读字
",朗读不自然,
2025-06-25 21:12:26,能不能不要读完一段自动往下读，想再听清楚一点。结果就突然中途换了。,朗读不自然,
2025-06-25 21:19:47,还可以有没百中等的音吗？,发音不准确,
2025-06-26 08:26:30,他读着读着就读歪了,朗读不自然,
2025-06-26 20:56:36,他读的音都不知道读哪去了😓,发音不准确,
2025-06-28 08:15:23,不能单说这个单词怎么读？,发音不准确,
2025-06-28 23:11:14,建议可以自由播放 退出应用仍可以听,朗读功能优化,希望退出应用后仍能继续听翻译内容
2025-06-29 09:43:34,"单词的音标上都要加一个""美″字，读音不准确。",发音不准确,
2025-06-29 20:18:29,发音不标准。和清楚。,发音不准确,
2025-06-29 20:55:38,right读错了！生气,发音不准确,
2025-06-30 09:24:08,不要读没用的东西，只读单词,朗读功能优化,希望仅朗读单词而非整句
2025-07-01 19:46:23,明明都有单词自己不读。,朗读不自然,
2025-07-01 20:25:03,不好，因为我听不懂怎么读的,朗读不自然,
2025-07-01 21:28:52,就是连英标都一起读,发音不准确,
2025-07-01 21:57:02,语速太快，发音不准确,发音不准确,
2025-07-02 14:27:05,能再能把录音的声音再慢一点吗？要慢一点读两遍。,朗读速度问题,
2025-07-02 18:32:33,怎么不播放怎么不播放,朗读不自然,
2025-07-03 10:04:41,读的太快，听不清楚。,朗读速度问题,
2025-07-04 12:48:44,要看今日竖下一度的一横过去读的 ！ 音量不要卡顿！,朗读卡顿重复,
2025-07-04 16:40:20,分句比较实用，有时声音卡卡的，建议修复一下,朗读卡顿重复,
2025-07-05 17:45:48,这些连起来单词，他只能一个一个的读，没办法，连起来听，根本听不准,朗读卡顿重复,
2025-07-05 20:30:32,只有一个声音，不能换声音。,朗读不自然,
2025-07-06 17:21:55,没有单词点读，希望改进,朗读功能优化,学习单词，点读发音练习
2025-07-06 21:37:33,取词点该的时候直接读,朗读功能优化,取词时直接朗读单词或句子
2025-07-07 13:21:37,AI无法发音出来。,缺少中文朗读,
2025-07-07 17:52:44,领读不对，录着音还说话。,朗读不自然,
2025-07-07 18:18:24,和我的英文不一样，单词发音也怀太准,发音不准确,
2025-07-07 19:34:01,他让我点击单词看读音和注释，但是我点进去根本没有读音，我都不知道这个单词怎么读,发音不准确,
2025-07-08 10:27:09,加个英式发音，求求🥺了。上次我读的美式发音，老师把我当面说了一顿,发音不准确,
2025-07-08 10:52:21," 单词收录发音不标准。
",发音不准确,
2025-07-08 11:33:26,希望官方下次别这样了。就因为你们这些读的有些不标准，我上课都听不懂。,发音不准确,
2025-07-08 18:33:02,有一个字读成了货，货物的货。,发音不准确,
2025-07-08 18:46:50,建议跟读。便提出建议。,朗读功能优化,希望改进朗读功能，辅助学习发音
2025-07-08 21:00:16,发音不清楚，读的语句不连贯。,朗读不自然,
2025-07-09 10:12:21,播放声音消失，请重试,朗读卡顿重复,
2025-07-09 16:26:16, 点了好多单词都没有音频只有他的示意，但我更需要的是音频,缺少中文朗读,
2025-07-09 18:44:01,有两个单词时只能读一个单词。,朗读卡顿重复,
2025-07-10 15:42:25,"能不能不读那个美式的
",发音不准确,
2025-07-10 16:42:17,有没有读音的单词,Audio_Issues,
2025-07-10 19:13:27,有些不可以听那个是为什么？,朗读功能优化,
2025-07-10 20:16:12,有一个单词没有发音,发音朗读问题,
2025-07-10 21:07:16,"不是，我意思是把每个一，每一个英语单词就是一行的单词全部给我念出来。
",朗读功能优化,希望逐词朗读单词
2025-07-11 17:10:42,翻译出来没有带读音,缺少中文朗读,
2025-07-11 22:27:34,翻译后有的单词能点开但是没有读音按扭不能听,朗读功能优化,学习单词发音，辅助听力练习
2025-07-13 09:08:04,baobab读音不对,发音不准确,
2025-07-13 14:03:47,非常满意希望他能跟读,朗读功能优化,希望能跟读，提升发音练习
2025-07-13 19:06:20,请把声音调到再清晰点,朗读不自然,
2025-07-14 17:42:11,读课文的时候读错了,发音不准确,
2025-07-14 19:15:19,读太快了，读慢一点。比较浪漫，比较好理解。,朗读速度问题,
2025-07-15 12:31:40,有的词语不解释发音,发音朗读问题,
2025-07-15 16:40:27,听的有一些听懂模糊,朗读不自然,
2025-07-15 20:29:21,读到一半突然就不读了。,朗读卡顿重复,
2025-07-16 13:42:49,"读太快了
读太快了。",朗读速度问题,
2025-07-17 10:26:42,带我领读，别用英语领读,朗读不自然,
2025-07-17 12:24:35,有些词语没有发音,缺少中文朗读,
2025-07-17 13:52:21,读得太快了，能不能设置成1.0速度？,朗读速度问题,
2025-07-19 11:06:02,可以把句子分开读,朗读不自然,
2025-07-19 12:44:02,不能听我背诵英语课文,朗读功能优化,背诵英语课文后听读检查
2025-07-20 11:07:39,美人鱼这个单词没有读音，试了好几次都没有，,朗读不自然,
2025-07-20 12:49:52,不能一直放着音频,朗读不自然,
2025-07-20 14:45:50,点读的时候，音标和和翻译请不要读出来。只要读英文,朗读功能优化,点读时仅朗读英文，不读音标和翻译
2025-07-21 11:41:27,希望一段一段的，一个单词一个一个读慢一些,朗读速度问题,
2025-07-21 13:50:41,有些单词没有发音，然后呢他也是有一点蛮不一样的,发音不准确,
2025-07-21 15:34:34,不希望出现发音播放失败,朗读卡顿重复,
2025-07-22 08:29:00,说的太快了想干什么！根本听不出来读的是啥？,朗读速度问题,
2025-07-22 10:32:52,为何单词没有 读音,缺少中文朗读,
2025-07-22 14:40:56,读错了，下次看好点啊！,发音不准确,
2025-07-22 15:34:39,能不能直接读出来单词？,朗读功能优化,希望改进朗读功能，辅助单词学习
2025-07-22 16:31:44,"读到书包bag的时候，他给我说一个bang，你给我说一个拼音

",发音不准确,
2025-07-23 10:55:24,增加一个一直读一个东西的,朗读卡顿重复,
2025-07-23 17:56:19,我想让他全部读，他不读,缺少中文朗读,
2025-07-23 18:44:27, 读的单词和书上写的单词完全不一样。,发音不准确,
2025-07-23 19:56:45,希望可以有顺序点读，然后呢标注123，不然的话，每次点读不要顺序来的，很让人生气😡,朗读不自然,
2025-07-24 08:25:00,太快了，能不龍man一点。,朗读速度问题,
2025-07-24 13:31:44,可以安装一个快慢一个读慢，或者可以安装一个快倍速,朗读速度问题,
2025-07-25 09:50:48,应该把音标也录上。,朗读功能优化,学习单词发音，辅助记忆音标
2025-07-25 10:47:17,这个有一些音标不标准,发音不准确,
2025-07-25 11:04:00,想听连续播放，但连续播放，播放顺序错误,朗读卡顿重复,
2025-07-25 12:12:17,原文阅读的时候有一些单词，它不显示，不是不显示，而是不读，不让我们读，所以那个单词我有一些不会，可以问，但是呢，但是呢，外面就是我们这个课文呢，还要想联系起来，然后呢，又只要我退出去，再问的话，就会很麻烦，又得扫一遍，而且我这个手机的网络又很差，所以建议你们修改一下这个，让每一个单词，每一个每一个字母都让他们读出来，建议是这样子啊，可能呃，因为呢，我这是我奶奶的手机。,朗读不自然,
2025-07-25 21:18:24,为什么读后面的音标,朗读不自然,
2025-07-25 21:48:52,能不能都给音标，有的没有，谢谢,发音不准确,
2025-07-26 08:03:52,读的太快，听不清楚,朗读速度问题,
2025-07-26 08:52:17,读的太慢不好听不懂,朗读速度问题,
2025-07-26 09:19:07,读得快太快听不清,朗读速度问题,
2025-07-26 18:46:01,太好的英语没有读，他好像也不会,缺少中文朗读,
2025-07-27 09:37:49,发音特别不标准，而且模糊不清。我根本就听不清他的发音，让我这种想学英文的一听根本就听不懂哪个单词是怎么读，而且和标准读音不一样，读的太模糊了希望能改善这个问题因为我现在非常需要用如果不能改善的话我不介意投诉你们。当然我也希望能尽最大的力能让你们赶紧能把这个问题看重一些，因为像我的这种嗯我想上网先搜一下预习但是这种发音不标准的，我根本就听不清那个单词怎么读，非常影响我的学习效率创使我的学习成绩下降。,发音不准确,
2025-07-27 15:20:28,前面不要带l或者是t，这样的人物名字读的时候,发音不准确,
2025-07-28 12:13:23,把意思翻译出来都不翻译读音的真是tmd。,Audio_Issues,
2025-07-28 13:10:02,换一个感觉有点卡的声音,朗读不自然,
2025-07-28 19:14:12,读音不是原文中的单词,发音不准确,
2025-07-28 21:43:33,读的太快了，读慢点,朗读速度问题,
2025-07-29 18:20:21,不可以一句一句的点读,朗读功能优化,希望支持逐句点读功能
2025-07-30 12:49:10,读英语读的太快了😈😈😈😈😈😈😈,朗读速度问题,
2025-07-30 15:23:32,非常不好，明明就写在面前，它一个都不读，很不好用，下次不给你们推荐了！以后绝对不用！！！,朗读不自然,
2025-07-30 16:33:00,他们的声音是自己的声音，一直都是小猿口算的声音啊对吧也不知道是怎么回事，反正我觉得这种不好听我请你们自己改正否则会把你们删掉的,朗读不自然,
2025-07-30 19:59:07,读单词的时候翻译啥的 一个字 一个字 原文点读一个单词 一个单词 给我读 这啥呀 整一大片 :,朗读卡顿重复,
2025-07-31 09:31:30,建议制度英文不读中文,Audio_Issues,希望翻译英文时朗读中文
2025-07-31 12:28:52,有的英语单词点击后他没有发音,发音不准确,
2025-07-31 18:07:19,希望他那个循环播放可以改进,朗读卡顿重复,
2025-07-31 18:07:37,一是那个循环播放可以改进，二是倍数，三是这个反馈能不能多一点字数啊？,朗读功能优化,调整播放倍数和循环模式
2025-07-31 18:33:06,高高地的汉意读错了！,发音不准确,
2025-07-31 19:00:32,美式读的太油腻了,朗读不自然,
2025-08-02 12:32:24,读的时候没有停顿,朗读不自然,
2025-08-02 21:28:13,可以把音标去掉吗？ 或者把汉语和音标分开读，这样比较好一些,朗读不自然,
2025-08-02 21:49:53,可不可以整页都读一下？,朗读功能优化,希望整页内容朗读
2025-08-03 11:28:30,好多都读错了，把good morning读成秋啦 而且他的声音很卡,朗读卡顿重复,
2025-08-03 14:42:20,有的单词他只给的中文意思没有读音。,发音朗读问题,
2025-08-03 18:28:29,有一个单词没有英式发音,发音不准确,
2025-08-03 18:59:04,读的太慢了 读的太快了 服了 ,朗读速度问题,
2025-08-04 09:51:34,"翻译是对的，但乱说














",朗读不自然,
2025-08-04 19:24:06,"读音了草，没有间隔
",朗读卡顿重复,
2025-08-04 20:23:17,单词发音应该要有一个快的和一个慢的，要不然有人听不清楚。我听半天都不清楚这个绿色到底怎么发音？,朗读速度问题,
2025-08-04 23:00:33,还是以前的比较好，因为简单没有那么繁琐，现在是什么都读，包括数字，对于只想听英语的不是很友好，希望改进…,朗读不自然,
2025-08-05 10:53:39,读的一点也不标准,发音不准确,
2025-08-05 15:40:12,"读不出来，也不准确

",发音不准确,
2025-08-05 21:33:12,连续播放顺序不对,朗读卡顿重复,
2025-08-06 10:06:26,原文点读读的不清楚,朗读不自然,
2025-08-06 10:08:09,点读不清楚五星差评,朗读不自然,
2025-08-06 12:12:44,我都还没听完，他就读完了-_-||再多卖一点点都清楚点，We have不能说清楚点吗啊？不要耳机声音😱,朗读速度问题,
2025-08-06 16:17:34,我都服了，每次想听发音，他都说发音错误，发音错误的，再这样就投诉你们。,发音不准确,
2025-08-06 20:54:45,他会把单词和他的单词旁边那个，发音给一起读了，但是旁边那个发音读的又是其他东西,发音不准确,
2025-08-06 21:49:51,只读英文字母，不读英语单词儿。,缺少中文朗读,
2025-08-07 08:45:41,可以在原文跟读中设置一项麦克公录音利于学生更好的掌握,朗读功能优化,跟读练习，提升发音准确性
2025-08-07 08:46:25,读单词，然后翻译怎么是没耳朵,Audio_Issues,
2025-08-08 09:34:09,很好，也很方便。就是有点快。满分💯，我投99、9分,朗读速度问题,
2025-08-09 16:58:34,他读句子读不完整，漏单词,朗读卡顿重复,
2025-08-09 19:03:28,读的太快了，我跟不上。,朗读速度问题,
2025-08-11 10:43:02,你有个问题，你翻译的文字读起来不太通顺。,朗读不自然,
2025-08-11 16:48:47,他识别完之后，他的内容读不出来,朗读不自然,
2025-08-11 20:10:55,说的太快了，说的再慢一点,朗读速度问题,
2025-08-11 20:56:29,怎么不能连起来读呢,朗读不自然,
2025-08-11 21:10:46,有一个地方听不懂,朗读不自然,
2025-08-11 21:26:01,速度有点快，听的也不太详细,朗读速度问题,
2025-08-12 09:59:07,太难听了，笑的我们嘎嘎的 ,朗读不自然,
2025-08-12 17:48:21,网络卡说话为什么姐姐还卡,朗读卡顿重复,
2025-08-12 18:13:07,我觉得每次曲子翻译的时候，点它的时候要读出来，不然要一个个的去点，太麻烦了不然我们还要一个个的去点英式或者美式的发音。诚恳建议，希望听从～,朗读功能优化,希望改进发音朗读体验，减少操作步骤
2025-08-13 10:59:51,有一些不可以点读,Audio_Issues,
2025-08-14 08:22:53,连读的时候有时候会卡，整体不错，继续加油,朗读卡顿重复,
2025-08-14 13:43:25,为啥呢？没有播放翻译,Audio_Issues,
2025-08-14 14:34:38,5个单词连在一起。建议一个一个的读,朗读不自然,
2025-08-14 15:06:40,读音不太准，请改一改，比如说变色龙,发音不准确,
2025-08-14 16:18:49,建议出音标。听不懂。可以看音标得到正确的读音。,发音不准确,
2025-08-15 12:52:03,该读的不读不该读的就读了,朗读不自然,
2025-08-15 14:06:06,选一个单词，一直读,朗读卡顿重复,
2025-08-16 08:27:56,他不一段一段的读,朗读不自然,
2025-08-16 08:36:42,最后一个单词他读错了,发音不准确,
2025-08-16 15:22:32,有时候读不出来声音或者搜不出来单词,朗读卡顿重复,
2025-08-16 16:47:14,读慢一点，准确一点,朗读速度问题,
2025-08-18 09:16:20,可以选多个单词一起读。,朗读功能优化,多单词连读，提升学习效率
2025-08-18 10:21:23,发音标准。读的慢一点。,朗读速度问题,
2025-08-18 17:16:26,"发音不仅不准确还听不懂。就算听得懂
也读不对。",发音不准确,
2025-08-19 06:21:17,有一个单词都读不了,发音不准确,
2025-08-19 23:34:09,希望可以在点读的时候可以不读中文,朗读功能优化,点读时希望关闭中文朗读
2025-08-20 11:48:40,课文如果可以重复读就好了，可以不断重复听读,朗读功能优化,学习过程中重复听读课文内容
2025-08-22 14:59:49,把【d】读成【t】读音不准确👿👿👿,发音不准确,
2025-08-24 17:51:22,老是有单词和句子读不出来,朗读不自然,
2025-08-24 21:22:18,拍完全部全部都不读出来只读一两个。,朗读不自然,
2025-08-25 10:03:46,原文点读连续不能是正确的顺序,朗读卡顿重复,
2025-08-25 10:58:25,在一大段的时候可不可以随机点取一句来读呢。,朗读功能优化,阅读长文本时随机点读单句
2025-08-25 17:20:59,速度读慢一点，能不能那个拼读发音标准一些。,朗读速度问题,
2025-08-25 17:39:14,肚子太快不清楚而且不标准机器感太强了,朗读不自然,
2025-08-25 20:07:44,就不能一下全读吗？,朗读卡顿重复,
2025-08-26 13:47:20,Banana读成了Banana,发音不准确,
2025-08-27 09:45:01,为什么？为什么？我问你为什么？为什么开始的单词是START为什么是一个字母一个字母的读着呢？,朗读卡顿重复,
2025-08-28 08:17:04,其中还有一个叽里呱啦，也不知道在说什么,朗读不自然,
2025-08-28 13:02:52,可以反复重复听就好了,朗读卡顿重复,
2025-08-28 15:48:51,不要再让他念中括号,朗读不自然,
2025-08-28 19:35:55,声音不好听改一改,朗读不自然,
2025-08-29 11:22:55,乱读，有些读的字母,发音不准确,
2025-08-29 22:01:57,次再次不会读，给那人家是keep你读keep你讨不讨厌？,发音不准确,
2025-08-31 12:16:46,声音听不清楚，太难听了,朗读不自然,
2025-08-31 13:34:44,再见，回头再见的见发音不标准。,发音不准确,
2025-08-31 18:23:25,能不能先一页一页的读,朗读速度问题,
2025-08-31 22:04:32,这东西感觉播放不了，他一直说,朗读卡顿重复,
2025-09-01 16:52:51,发音不标准不清楚,发音不准确,
2025-09-01 18:16:28,为什么不是女生的声音？,朗读不自然,
2025-09-01 18:54:19,没声音不知道怎么办,朗读功能优化,希望改进朗读功能，解决无声音问题
2025-09-01 19:31:42,应该只读他们说的，其他的不需要读,朗读不自然,
2025-09-01 19:58:14,单词断断续续的不好。翻译应该连起来。,朗读卡顿重复,
2025-09-01 20:57:25,能不能单独一个单词读。,朗读功能优化,学习单词发音，单独听单词
2025-09-01 21:04:27,很好！不过希望能改成真人版的🤓,朗读不自然,
2025-09-01 21:10:41,朗读的时候老是卡顿,朗读卡顿重复,
2025-09-01 22:23:28,你为什么有一个单词我装好不会，你居然没有录音频,Audio_Issues,学习单词，需要音频辅助记忆
2025-09-02 18:32:12,读句子听不到声音，已经调大音量了,朗读卡顿重复,
2025-09-02 21:18:59,一个句子一个句子的读,朗读卡顿重复,
2025-09-02 21:47:26,声音太抖了，有的读的太快。可以让声音平稳一些，也可以调节速度。而且翻译有些字也不准确。,朗读速度问题,
2025-09-02 22:25:03,呃，能不能修改一下？，那个它读音的时候，它会把那个音标一起读进去，那个音标是很容易区分的出来的，修改一下，把那个音标别读了，就读那个单词就得了，还有中文！,发音不准确,
2025-09-03 18:05:13,点击读的时候有问题,朗读卡顿重复,
2025-09-04 20:19:10,每次都是发音失败,发音不准确,
2025-09-04 22:10:15,能不能不要断断续续？,朗读卡顿重复,
2025-09-04 22:58:15,一个句子一个句子的读会好一点希望改进。,朗读不自然,
2025-09-05 19:43:01,美式和英式的声音一样,朗读不自然,
2025-09-06 06:56:17,想要听单词怎么读，但是无法啊点读。,发音朗读问题,
2025-09-06 09:11:22,点读的一些词语有点不清楚,发音不准确,
2025-09-06 10:47:04,有毒吧，不会读是吧？,朗读不自然,
2025-09-06 11:50:38,应该就是到句号的时候停顿一下。,朗读不自然,
2025-09-06 12:33:31,他走的有点太快了,朗读速度问题,
2025-09-06 13:18:01,读单词的时候，他老是读拼读请你把这个搞一下，谢谢，麻烦了,朗读不自然,
2025-09-06 14:14:13,0.75倍速太快了,朗读速度问题,
2025-09-06 15:22:57,有的时候有中文，但是没有读的录音,缺少中文朗读,
2025-09-07 09:30:24,读的啥呀，还读中文？一点都不好,朗读不自然,
2025-09-07 11:09:36,有个别单词不能发音。,发音不准确,
2025-09-07 13:56:28,要的是读音，不是这个,Audio_Issues,
2025-09-07 18:18:56,读字不清楚，肯读错。,发音不准确,
2025-09-07 19:57:50,选句太长，听不清，语速太快。,朗读速度问题,
2025-09-07 20:46:11,应该加个循环播放,朗读功能优化,需要反复听发音时使用
2025-09-07 21:11:52,朗读时，每行之间不要间断,朗读卡顿重复,
2025-09-07 21:23:16,这个声音读的不正确，换一个。,发音不准确,
2025-09-08 19:20:14,"就是有一点不像原读的那种，想要原读的那种

",朗读不自然,
2025-09-08 19:32:03,有很多都没有单词我原本就不会只能指望你们小园你们小圆又不会那那我们这些不会的人该怎么办所以麻烦你把这些英语单词的读音给全都清楚,发音不准确,
2025-09-08 20:30:07,不能添加一个不用原文也能读的。,朗读功能优化,希望仅朗读翻译结果，无需显示原文
2025-09-08 21:07:13,声音有点刺耳  有点儿不好听,朗读不自然,
2025-09-08 22:05:10,可以在后台的时候也能听，这样可以磨耳朵,朗读功能优化,后台播放，磨耳朵学习英语
2025-09-09 07:37:46,不能复读哦，这个可以调整一下,朗读卡顿重复,
2025-09-09 18:16:39,读英文句子用用最慢速度听起来太卡顿了建议更改一下。,朗读卡顿重复,
2025-09-09 19:09:58,读了单词不正经确,发音不准确,
2025-09-09 20:27:59,我的建议是读的人名时能不能不要那么假，可以用梦梦或者是萌萌这种更好点,朗读不自然,
2025-09-09 21:14:37,"  有时候读了一半就不读了这很那个你们又了解一下什么原因
",朗读卡顿重复,
2025-09-09 21:55:08,语速可以稍微慢点,朗读速度问题,
2025-09-09 21:55:37,以后只读发音和意思即可,朗读功能优化,希望简化结果，仅显示发音和意思
2025-09-11 20:08:58,他读的时候没声音,朗读功能优化,希望改进朗读功能，解决无声音问题
2025-09-12 18:21:16,一没声音没声音音因为,朗读功能优化,
2025-09-12 20:46:33,"读的不标准








        









读的不标准",发音不准确,
2025-09-12 21:03:25,读出来的时候有些卡顿,朗读卡顿重复,
2025-09-12 21:49:28,下次可以用女生的声。,朗读不自然,
2025-09-13 08:25:45,吴冰冰能不能不要说文字？你要说英文这样子我不会读。,朗读不自然,
2025-09-13 09:48:19,说的没有那种感觉。,朗读不自然,
2025-09-13 13:22:36,eye读音不准确,发音不准确,
2025-09-13 20:46:35,有些读音显示不出来中文还有一点点不准确,发音不准确,
2025-09-14 09:05:29, 发音不准确。Pumpkin pie读成了Pumpkin piece,发音不准确,
2025-09-14 17:10:46,可以把音调去掉吗？,发音不准确,
2025-09-14 18:58:55,要让他们自己去读,朗读功能优化,希望改进朗读功能，让用户自主控制
2025-09-14 20:21:44,翻译的时候要有感情,朗读不自然,
2025-09-14 20:54:23,"跟坨屎一样，都不按顺序读,再这样把你卸了,你很久了，小猿口算!
",朗读卡顿重复,
2025-09-15 05:47:12,建议原文朗读时一句一句读,朗读不自然,
2025-09-15 17:59:37,"我推荐你，给他加上语音





































",朗读功能优化,希望添加语音朗读功能
2025-09-15 20:33:42,建议的话: 可以标上音标 ，让大家更好读 ！！😂😂,朗读功能优化,学习单词发音，辅助朗读练习
2025-09-15 20:43:35,发音不标准声音不太明,发音不准确,
2025-09-15 22:30:22,单词有的听不清楚，可以有一个单词领读么,朗读不自然,
2025-09-16 07:44:33,不能一老读一个词吗？不要手点。,朗读卡顿重复,
2025-09-16 22:13:03,为什么start没有读的,缺少中文朗读,
2025-09-17 19:19:52,连续朗读顺序不对,朗读卡顿重复,
2025-09-17 19:47:27,那是球他读成了渡个渡个是什么？,发音不准确,
2025-09-17 20:39:12,他读的太慢了，而且又卡又听不懂,朗读卡顿重复,
2025-09-18 19:14:15,声音不好听，建议改成原版英语书上角色的声音。,朗读不自然,
2025-09-18 19:34:16,不好，要重复读，不要坏掉,朗读卡顿重复,
2025-09-18 19:59:01,读的非常好，就是有几个有点没读清楚，读的有点错了，但是特别棒。他读的真好！要为你点赞👍😘😘😘只要以后别读错了就行。爱你的豆豆(ღ♡‿♡ღ)！,发音不准确,
2025-09-18 22:12:44,音都不准，重开吧！我还是觉得作业帮好一点，算了吧,发音不准确,
2025-09-20 16:09:02,而且有的字他读的还太卡了,朗读卡顿重复,
2025-09-20 18:38:16,英语和汉语一起读,Audio_Issues,
2025-09-20 20:40:43,读的根本就不是我书上的。,发音不准确,
2025-09-20 21:03:36,不要读原本上面就有的拼音，谢谢,朗读功能优化,希望去除原文字符音，专注翻译结果朗读
2025-09-20 22:00:02,我再读点慢点就好了,朗读速度问题,
2025-09-20 22:04:41,就是，读慢一点点就好了^ω^🛴🇨🇳,朗读速度问题,
2025-09-21 11:47:18,太太太太太太太太太太太太太太太太太太太太太太快了,朗读速度问题,
2025-09-21 16:53:40,最后一个发音不标准。,发音不准确,
2025-09-21 19:10:31,不能读英文吗？非要读中文,缺少中文朗读,
2025-09-21 20:44:40,很多他都没有录音概述词，必须得反馈给你,Audio_Issues,
2025-09-21 22:38:28,为什么听不懂音标？,发音不准确,
2025-09-22 16:39:59,"
我要一块读他一个单词，一个单词读，我怎么收到答案？",朗读卡顿重复,
2025-09-22 20:20:32,没法一直法读一句话,朗读卡顿重复,
2025-09-22 20:22:00,读完一个单词的时候可以停顿一下再读音标吗？真的跟不上,朗读速度问题,
2025-09-23 12:35:34,不用专业老师的声音,朗读不自然,
2025-09-23 18:47:41,让它读课文它有没读完,朗读不自然,
2025-09-23 18:50:19,明明是ok为啥读成别的了，坑我们家长不会啊,发音不准确,
2025-09-23 19:56:38,我建议你们可以把英语念出来，再把中文意思写出来。,朗读功能优化,希望同时提供中英文朗读辅助学习
2025-09-23 20:35:17,点读的时候声音总是很抖。,朗读卡顿重复,
2025-09-23 21:09:51,原文点读你读什么撇呀没有撇。,发音不准确,
2025-09-23 21:12:01,可不可以循环播放。,朗读功能优化,希望改进朗读功能，支持循环播放
2025-09-23 21:22:30,声音都是乌拉乌拉的,朗读不自然,
2025-09-24 17:58:01,建议能全文一起读,朗读功能优化,希望改进朗读功能，实现全文朗读
2025-09-24 18:27:21,下次点读的时候可以不要一大段一大段的吗？可以几句几句的,朗读不自然,
2025-09-24 20:06:06,字有时候很卡顿 声音有点不标准 ,朗读卡顿重复,
2025-09-25 07:19:14,没有我想要的单词发音,发音不准确,
2025-09-25 08:32:35,真希望能完整的读一个句子,朗读不自然,
2025-09-26 20:28:44,有耳机就是点不开，不读,朗读不自然,
2025-09-26 21:04:27, 能连接就行了，不要弄其他的，就是什么hello什么东西的。不要这样弄，是真的啊。你直接连接起来就是直接连接起来就行了啊，直接连接起来就行了，不要那么单个弄就可以了。不要单个弄，不能单个弄，要不然不好读，不好读的。是真的不好读，像那种hello啊。就是这种单调的不好读。为什么？王冰，你只能读个王这个真的不好读，你连接起来就完事了吧，不要弄那么复杂。你说是不是？对吧？连接起来就完事了啊。好，我说完了,朗读不自然,
2025-09-27 12:52:43,"读的不完整还有不能一排一排的读
",朗读不自然,
2025-09-27 18:43:46,为什么我们就不能读在手机上,朗读功能优化,手机端使用时希望改进朗读体验
2025-09-27 20:06:06,可以一句一句的说吗,朗读速度问题,
2025-09-27 20:25:27,发音不对像乱说话。,发音不准确,
2025-09-27 21:14:10,希望可以发音读准一点或者是点开哪个单词可以拼写。,发音不准确,
2025-09-28 20:43:20,有的单词发🙅不出来！！,发音不准确,
2025-09-28 20:45:42,等了好久都没说出来。,朗读卡顿重复,
2025-09-29 06:39:13,我家孩子在家里还不能和下面的英语读,发音不准确,
2025-09-29 13:22:08,翻译不标准，有错别读音。,发音不准确,
2025-09-29 20:44:03,没有发音弄出一个读的。,朗读不自然,
2025-09-29 20:52:30,他读的不是第一句是第四句,朗读卡顿重复,
2025-09-29 21:07:34,词组就不要把两个单词拆开来念了,朗读不自然,
2025-09-29 21:22:22,写成正常单词读音不标准,发音不准确,
2025-09-29 21:34:20,前面的人名能不能不要读了,朗读不自然,
2025-09-29 21:38:34,"都换成别的，听不懂
",朗读不自然,
2025-09-29 22:58:55,人家是coffee咖啡☕️，你读的是c、o、f、f、e、e😡,发音不准确,
2025-09-30 21:40:03,"读的很好，但就是没有中文的翻译
",缺少中文朗读,
2025-09-30 21:41:30,产品可以连读词，读起来有些不通顺,朗读不自然,
2025-10-01 20:47:18,我想让他读单词可是他却把别的音标识别了,发音不准确,
2025-10-02 07:24:40,总是会复读很多单词,朗读卡顿重复,
2025-10-02 19:49:53,能不能把这一句话连在一起读？,朗读卡顿重复,
2025-10-02 19:55:53,没有声音，我根本听不见！,朗读功能优化,需要听到翻译内容辅助学习
2025-10-03 16:28:17,希望能一句一句的录音。,朗读功能优化,口语练习，逐句跟读录音
2025-10-03 16:57:25,你能跟课文一样点读正确。,朗读不自然,
2025-10-05 13:04:54,还不错。发音要标准。,发音不准确,
2025-10-05 13:42:42,发出来的是对的，他读的不是对的,发音不准确,
2025-10-05 21:38:42,太快了，倍速就是正常速度上慢快一点，慢速听不出来。,朗读速度问题,
2025-10-07 08:17:20,读的不正确，那是you are，我可不客气，可是你读成了usually usually usually me,发音不准确,
2025-10-07 11:04:42,他连音标都读了。搞不好单词的正确发音。,发音不准确,
2025-10-07 19:48:25,可以写谐音，让AI读慢点或者加倍速，再让他们读标准点,朗读速度问题,
2025-10-07 20:35:31,不能调它的播放时间,朗读速度问题,
2025-10-08 09:16:18,为什么我手机不说不出声音，手机号码，手机号。,朗读不自然,
2025-10-08 10:58:18,可以发音再准确点,发音不准确,
2025-10-08 12:36:12,能不能加一个循环播放啊…就是选择一段开头再选一段结尾然后循环播放,朗读功能优化,学习听力，重复播放重点段落
2025-10-08 13:53:49,有很多的没有显示朗读,缺少中文朗读,
2025-10-08 17:05:23,可以你读一句我跟着你读你看一下对了嘛,发音不准确,
2025-10-08 20:50:28,点汉语不能读英语。,朗读不自然,
2025-10-09 06:43:28,读的时候没有声音。,缺少中文朗读,
2025-10-09 19:41:45,发音不标准而且识别有误请你们尽快改变加油，你们是最棒的,发音不准确,
2025-10-09 20:39:58,"天天天，天天天天天天天天，天天，天天天天天天天天天天天天天天天天天天天天天天结巴的不重样。

",朗读卡顿重复,
2025-10-09 21:08:57,可以让他一句一句的读吗,朗读功能优化,希望逐句朗读，方便学习理解
2025-10-09 21:12:05,能不能让他点一下读一下，这样话更方便。,朗读功能优化,逐句朗读，方便学习理解
2025-10-09 21:46:56,读的根本不知道是什么有一段是乱码怎么听也听不出来，就跟卡壳了一样也根本听不出来是什么主题就是有一个单词读的完全是乱码。就是搁。乱码啊，一下子。根本听不懂是什么英语单词也不知道是什么原因就是不知道英语单词读的是什么样子的，变成了一段乱码。主题就是根本听不懂而且也别说发音了，是什么都不知道，这根本都不能说是英语单词值了。而且就只有那一段读的是跟乱码一样的，剩下那一段都不是乱码一样的完全不标准。也不知道,朗读卡顿重复,
2025-10-10 06:39:11,原文点读点读的太快,朗读速度问题,
2025-10-10 06:39:24,他说不好音语又不会读,发音不准确,
2025-10-10 18:39:04,我可以一直播放，就是循环播放，就是一直播放，他可以一直播放，就是呢，不用手动调节,朗读功能优化,希望实现翻译结果循环播放，无需手动调节
2025-10-10 19:05:11,一直都是在显示播放异常，请及时处理！！！,朗读卡顿重复,
2025-10-10 19:41:18,速度最慢的时后发音不准,发音不准确,
2025-10-10 20:49:30,读的太快了读的太快了，读的太快了，读的太快了读的太快了，读的太快了，读的太快了读的太快了，读的太快了，读的太快了，读的快快快乐读的快，快乐的读的太快了，读的太快了，读的太快了，读的太快了，读的太快了读的太快了，读的太快了，读的太快了的太快了，读的太快了，读的太快了，读的太快了读的太快了，读的太快了读的太快了，读的太快了，读的太快了，读的太快了。读的太快了读的太快了，读的太快了读的太快了，读的太快了,朗读速度问题,
2025-10-10 21:35:11,没有拼读’一点也不好,发音不准确,
2025-10-11 21:28:57,一个一个读音标不然读不了,朗读卡顿重复,
2025-10-11 22:03:15,可以加个朗读翻译的英文的功能吗？,朗读功能优化,学习英语，听读翻译内容
2025-10-12 08:55:23,"因该改善英语点读不要少英文字
",朗读功能优化,英语点读时避免漏读英文字
2025-10-12 10:47:17,放慢听发现读的不对,发音不准确,
2025-10-12 18:03:13,小源，小源就是你读的很标准，以后要读的很标准，很标准，不要读的有肯巴的姓，也不要读的有那个什么不标准，读音就是有点不标准，要读的标准点哦，加油，我每天都会在你旁边支持你，支持你，而且还要为你加油，加油,发音不准确,
2025-10-12 19:02:43,声音太太太太太太太小了,朗读不自然,
2025-10-12 20:55:04,没有任何的声音。你让人无法跟读。那个录音放置了，也放置不了。,朗读功能优化,跟读练习，辅助发音学习
2025-10-13 12:34:22,可不可以一个句子连续读？,朗读功能优化,希望改进朗读方式，实现句子连读
2025-10-13 19:49:52,他读完了之后让我们读。,朗读不自然,
2025-10-13 21:06:27,弄一个跟读会更好,朗读功能优化,希望改进朗读功能，辅助学习发音
2025-10-14 19:15:50,应该读英文不应该读中文,朗读不自然,
2025-10-14 20:00:13,读这什么玩意，发音不标准，狗屎逼,发音不准确,
2025-10-14 20:29:05,放慢听的话，有一种声音很枯燥，很不标准,朗读不自然,
2025-10-14 20:57:29,读不对 不标准 看字不准确  ,发音不准确,
2025-10-14 21:46:29,他这个书本老是读错，有一些,发音不准确,
2025-10-15 18:02:24,希望可以，加一个朗读的可以吗？真的很想加上这个，我那个什么我这个年纪我听不懂这个，所以我也看不懂，提问的时候也不懂，所以希望你们可以加上这个，行吧，求求了，如果加上，谢谢你(*^o^*),朗读功能优化,辅助理解翻译内容，方便学习
2025-10-16 20:50:47,有的地方发音不对 有的地方还不读 ,发音不准确,
2025-10-17 06:28:19,个别单词没有发音，且没有词性,发音朗读问题,
2025-10-17 11:07:50,可以把英文读出来,缺少中文朗读,
2025-10-17 15:59:23,没有多段间隔点读,朗读不自然,
2025-10-17 21:15:32,读的不标准，和学校老师教的不一样,发音不准确,
2025-10-17 21:39:35,有的根本都不给发音，不给那个读法。太差了。 这我都不知道咋读。,缺少中文朗读,
2025-10-18 10:44:55,音不准确 第1段就是多。最后一段也是多。,发音不准确,
2025-10-18 14:10:01,可以给发音文子的吗？,缺少中文朗读,
2025-10-18 18:43:41,连读的时候总是出现第1页第1句的句子，刚读完就读到第2页的句子。,朗读卡顿重复,
2025-10-18 19:10:26,可以再加一个，让他从开头到结尾读结尾选项，从开头是哪里？结尾是哪里，然后让他读出来。,朗读功能优化,希望调整朗读范围和方式
2025-10-18 20:28:40,我想整一页，他一句一句地读,朗读卡顿重复,
2025-10-19 08:28:54, 能一句一句的读吗？,朗读功能优化,希望逐句朗读，方便学习
2025-10-19 13:48:40,为什么不能读？转换过来的,缺少中文朗读,
2025-10-19 14:18:28,音标都到旁边了，还读错,发音不准确,
2025-10-19 14:34:59,让他连续读，结果他根本就没有连续连一点蛮差的，但其他的都很好，加油哦,朗读不自然,
2025-10-19 15:24:04,再这提目一起读。读完一句，读下一句,朗读功能优化,希望改进朗读节奏，逐句朗读
2025-10-19 15:57:32,出不了声音，而且还出不了声音，还要加载,朗读卡顿重复,
2025-10-19 20:53:17,读的时候速度太快了。,朗读速度问题,
2025-10-20 19:33:57,一个单词没有读对。,发音不准确,
2025-10-20 20:38:57,点读出来了一个莫名其妙的东西,朗读不自然,
2025-10-20 21:03:35,可不可以一个读两遍？,朗读功能优化,希望提升朗读体验，重复播放
2025-10-20 21:27:58,不会读单词，读的都是拼写没用,发音不准确,
2025-10-21 19:00:11,声音可以弄人叫点读的那个，把小猿的声音换一下，并且歌谣还有节奏性。,朗读不自然,
2025-10-21 19:37:15,他这个一切不标准。,发音不准确,
2025-10-21 21:36:58,声音听起来怪怪的😖,朗读不自然,
2025-10-22 06:54:13,你能不能把单词连在一起给我读？,朗读不自然,
2025-10-22 11:06:07,读的非常的好，在说的地方清楚一点就行了,朗读不自然,
2025-10-22 18:51:59,还没有读完它自己跳了,朗读卡顿重复,
2025-10-22 20:09:47,无法出声。发音不标准，不准确，不完整。,发音不准确,
2025-10-23 19:38:35,倍速太慢了，建建议有倍数四,朗读速度问题,
2025-10-23 19:49:00,可以用真人的声音这样的听的我不太懂,朗读不自然,
2025-10-24 17:30:53,声音不好听，不要🙅‍♀️这个声音,朗读不自然,
2025-10-24 17:58:02,静音发音发错了，我要举报。.,发音不准确,
2025-10-24 21:25:57,建议这个AI的声音换一个发音标准且好听的，谢谢！！,朗读不自然,
2025-10-24 21:51:41,不按顺序来读英文,朗读不自然,
2025-10-25 07:47:56,点读的时候，🙁读音不准确,发音不准确,
2025-10-25 09:49:31,没有该单词的读法,缺少中文朗读,
2025-10-25 12:33:04,他不念班级和考号,朗读功能优化,希望能朗读班级和考号等文本内容
2025-10-25 17:11:20, 砸死我们是1000Thousand你这读的有点儿不行啊。Thousand thousand thousand是一千 砸死我们是以前你这读音有错误。,发音不准确,
2025-10-25 23:11:33,0.5还是太快了，再慢点,朗读速度问题,
2025-10-25 23:50:08,this发音不标准,发音不准确,
2025-10-26 08:25:53,单词后面的音标读得不行,发音不准确,
2025-10-26 10:36:59,翻译不标准，读音不标准,发音不准确,
2025-10-26 10:37:15,读音不标准，翻译不标准,发音不准确,
2025-10-26 13:06:40,有些单词不能弄出发音。,发音朗读问题,
2025-10-26 13:15:58,这个说完吧，你说行不行？但是吧，他这个第二第一次用完了之后，第二次就不是那种的了，意思就是那个啥，不是那个第一次读的那个需要更改，然后那个啥，听他读一下子，我感觉这样的话学会更好一些,朗读不自然,
2025-10-26 14:30:51,太快了，都听不懂了，有个他说那个你还说啥。,朗读速度问题,
2025-10-26 18:32:18,建议设置点读单词。,朗读功能优化,学习单词，听发音并跟读
2025-10-26 20:18:10,能不能一个单词一单词的读,朗读功能优化,希望逐词朗读，方便学习发音
2025-10-26 21:31:15,阅读时会突然停下。,朗读卡顿重复,
2025-10-27 18:12:22,听和吟唱那里不整齐,朗读不自然,
2025-10-27 20:01:16,希望出一个0.1倍速        ,朗读速度问题,
2025-10-27 20:56:52,语速太快，放慢一点,朗读速度问题,
2025-10-27 21:04:18,读不出英语单词，英语单词有错误,发音不准确,
2025-10-28 19:45:52,发音不biao准,发音不准确,
2025-10-28 20:46:04,可以一句一句的分开读吗？,朗读功能优化,逐句朗读，方便学习理解
2025-10-28 22:36:30,让他可以从头到尾一直放放文，还可以回到开头的那种音频,朗读功能优化,反复听读，方便学习发音和内容
2025-10-29 19:38:15,你把1234这些句子放到了一起读。,朗读卡顿重复,
2025-10-29 19:41:16,把aunt说成ant。,发音不准确,
2025-10-29 20:29:22,说的时候那个鸟，他叫b rd，那明明叫伯德,发音不准确,
2025-10-29 21:40:07,要下一个下一个的读，不要左右的读,朗读不自然,
2025-10-30 06:47:51,可以有翻译后的读音,朗读功能优化,学习单词或句子发音，辅助口语练习
2025-10-30 19:33:28, 句号，一个句号的分段读。,朗读卡顿重复,
2025-10-31 20:20:24,读怎么读？没有写不知道。,Audio_Issues,
2025-11-01 11:45:43,"可以换其他声音吗？

",朗读功能优化,希望更换不同的朗读声音
2025-11-01 16:08:08,要听就得一块听，我不方便,朗读功能优化,希望改进朗读功能，方便单独听
2025-11-02 08:45:03,读的时候读得不清。,朗读不自然,
2025-11-02 11:37:13,为什么没有整个课文跟读整个？,朗读功能优化,希望跟读整个课文，提升口语练习
2025-11-02 11:57:06,太快了 感觉听不清,朗读速度问题,
2025-11-02 12:11:20,时间不能持续太长，不能让他那个读完了，然后再从头再读,朗读卡顿重复,
2025-11-02 14:07:10,第一句应该全部读，we come to school,朗读不自然,
2025-11-02 16:44:17,没有翻译器的声音🤬🤬😡(／_＼)大怨种没有点雨太久没办法玩了！！🤬🤬😡🐇🐉🦓🤬🤬🤬👁️👁️,Audio_Issues,
2025-11-02 18:44:57,听不清，吐字不清晰,朗读不自然,
2025-11-03 19:44:16,我建议原文点读时读慢点，读清楚点,朗读速度问题,
2025-11-03 19:59:23,翻译题准确又舒畅，就是有点结巴,朗读卡顿重复,
2025-11-03 20:03:53,亲，你就是要我们自选一段一段的，一次读太多了，不太好。,朗读速度问题,
2025-11-03 20:26:57,孩子看了看都看不懂。而且他有两个音，我们根本不知道该听哪个音的。,发音不准确,
2025-11-03 20:27:34,有些没都没有，那个读的孩子根本不知道读什么，我们也不知道。,朗读卡顿重复,
2025-11-04 19:24:17,四年级上册的第21页read and write获取单词并没有读的,朗读功能优化,阅读学习中获取单词的发音辅助
2025-11-04 19:27:25,能不能一整夜读？为什么要一段一段的？,朗读不自然,
2025-11-04 20:14:11,小男孩带读的不标准，不喜欢这个人带毒，,发音不准确,
2025-11-04 21:13:13,为什么没有声音呢？,缺少中文朗读,
2025-11-04 21:32:53,啊，你这个这为什么不发音不不标准，他是班级。,发音不准确,
2025-11-04 22:17:22,口音实在是太久了。,发音不准确,
2025-11-04 23:43:08,它可以分词来读点着来读读不清楚也听不清楚就只能听得清楚他在乱讲什么孩子也听不懂连词成句的读听不清楚,朗读卡顿重复,
2025-11-05 06:14:51,声音调到最大还是很小,朗读不自然,
2025-11-05 07:02:32,挺好的，就是音标可以再读标准一点，字音什么的,发音不准确,
2025-11-05 17:11:56,1.太快了。2.没有读句子的练习。,朗读速度问题,
2025-11-05 19:33:45,就是说正常点，不要跟机器人似的。听不懂,朗读不自然,
2025-11-05 20:41:40,建议一下调整你那个嗓子，都听不清楚,朗读不自然,
2025-11-06 18:21:34,发音不标准，都真的很想把我给气死,发音不准确,
2025-11-06 19:45:10,读的太快了，太快太快了，我要反馈，读的那么快，我听都听不懂就比如什么什么low low啥啥玩意，都听不懂你说的是什不是，我一点都听不懂你什么意思呀？你我真的很无语，我宁可信任你么玩意儿？你却给我这样子，搞什么呀？ ,朗读速度问题,
2025-11-06 21:08:45,）读的太快，而且不精准,朗读速度问题,
2025-11-06 21:36:56,原文点读不可以点这句子来读,朗读功能优化,点读句子进行朗读
2025-11-07 20:26:15,Joking，他读的是jok,发音不准确,
2025-11-07 20:41:02,不同手机发音的字不同,发音不准确,
2025-11-08 11:01:01,读的太快，我跟不上结奏,朗读速度问题,
2025-11-08 13:22:24,有些词语没有发音选项,朗读功能优化,学习单词发音，辅助记忆
2025-11-08 20:45:40,我选的重复读，而他只读了一遍,朗读卡顿重复,
2025-11-09 12:09:58,嗯，把那个就是翻译就是原文点读，把它改一下就是把它改成正确的音讯。来读，嗯，比如hello王，别后面直接来接他什么什么的。,朗读不自然,
2025-11-09 12:10:35,我建议一下。把那个原文点读给调整一下，就是把那个顺序改一下啊。,朗读不自然,
2025-11-09 19:28:58,我只需要他读单词爻,朗读功能优化,学习生僻字，需要单独朗读单词
2025-11-10 18:01:01,"读音听不清
中文不准确",发音不准确,
2025-11-10 18:54:07,单词连在一起读跟本记不清,朗读不自然,
2025-11-10 19:25:06,   本身的发音没有读准。把egg读成了99,发音不准确,
2025-11-10 19:47:28,你的读音读不清楚。,朗读不自然,
2025-11-10 21:31:00,"读的也太快了吧！！！这不是我想要的结果，也不知道为什么读着读着就模糊了。
",朗读速度问题,
2025-11-10 22:15:19,可以做一个拍下来之后的可以跟读的一个东西，这样子的话就更好,朗读功能优化,学习发音，跟读练习
2025-11-11 21:09:21,说的太快，有时有点听不明白,朗读速度问题,
2025-11-11 22:52:35,建议增加单句点读功能,朗读功能优化,逐句点读，辅助学习发音
2025-11-12 21:20:10,1.0时的速度也不要那么快，就可以了，谢谢！,朗读速度问题,
2025-11-13 19:43:15,我觉得你应该说出来，这个单词怎么读？,发音不准确,
2025-11-13 19:49:02,读的这些，后面那些字都是其他的，不是书本上的，英语读的太快了，英语读错了,发音不准确,
2025-11-13 19:49:32,我又听了一次还是错的，能不能改一下这个嘴的英语？,发音不准确,
2025-11-13 20:23:12,可以把里边的那些原文点读啊，这些里边的那些单词认准点可以不可以回答我！,朗读功能优化,点读单词，准确朗读学习
2025-11-13 20:32:26,本来是鱼，他直接读成买捕鱼,发音不准确,
2025-11-13 22:29:06,读的是非常准确吗？其次，就是重点：让AI读的时候（1.0速度）不要读的像1.5倍速的一样，让小孩跟着读的时候，就不用费劲儿了，谢谢！,朗读速度问题,
2025-11-14 16:59:44,为什么不能一句一句点读？,朗读功能优化,逐句点读，方便学习理解
2025-11-15 18:35:51,不是说连读吗 读着读着就只读一个词就暂停了 什么意思呢 而且读着读着又卡了起来 搞得好像是我的手机有问题一样 翻译的时候翻译也不完整 拼音和文字在一个地方看都看不清 ,朗读卡顿重复,
2025-11-15 18:50:42,0.75太快了0.5又太慢了。,朗读速度问题,
2025-11-16 09:05:09,表达不出感情又错误,朗读不自然,
2025-11-16 10:37:27,第二个下没有读出来,朗读不自然,
2025-11-16 11:50:26,"
播放有错误，不标准，
",发音不准确,
2025-11-16 19:33:36,它光出来了字，不出来发音,缺少中文朗读,
2025-11-16 19:53:04,问题:你们把字和发音读飞快，咱家孩子跟不上发音读太快。你们可以发音慢点吗？,朗读速度问题,
2025-11-16 20:30:32,你不是说有声音吗？怎么没有声音啊？,缺少中文朗读,
2025-11-16 20:56:36,修改一下播放发音，老是显示播放发音失败，建议官方赶紧修改！！,朗读功能优化,希望改进发音播放问题
2025-11-16 21:34:58,有的单词没有读音,缺少中文朗读,
2025-11-17 18:31:00,没有二倍发音有点不标准。7$5227525773575352752775375375373537575357357357375335753573573357572537755725725737375275264/4664256357275374247246246247275257257275253652753753573573755737537535737537537535373211231232,发音不准确,
2025-11-17 18:49:48,这些机器人真酷，你读的都错了,发音不准确,
2025-11-17 19:40:05,读的太快了，有点跟不上,朗读速度问题,
2025-11-17 19:54:21, 读的太慢了，有点就我读的话有点太快太慢了,朗读速度问题,
2025-11-17 20:14:11,除的太快了，我听不懂，而且不给我发意思，真的气死人了，我都无语死了，无语死无语死无语死,朗读不自然,
2025-11-17 21:23:14,有的时候音频会突然停止,朗读卡顿重复,
2025-11-17 21:24:35,有的单词没有发音。,发音朗读问题,
2025-11-17 22:12:51,有Bag读不完整有卡顿,朗读卡顿重复,
2025-11-19 18:30:54,一读完一还没有读完他就读二了,朗读卡顿重复,
2025-11-19 19:12:18,太快了，可然后声音还有点卡,朗读卡顿重复,
2025-11-19 19:42:36,不想要读人物名字。,朗读不自然,
2025-11-20 17:10:03,就是跟读的那个，他们说出来的有点像AI,朗读不自然,
2025-11-20 20:29:59,好难读不会读怎么办不知道,发音不准确,
2025-11-20 20:51:51,语速太快。話すスピードが速すぎる말속이 너무 빠르다.The speed of speech is too fast.The Sprache zu schnell.Habla demasiado rápido,朗读速度问题,
2025-11-20 21:02:48,读的太快了，希望能慢一点，能让我们听清楚。,朗读速度问题,
2025-11-21 19:16:24,嗯首先就是这个有的字会重起来。,朗读卡顿重复,
2025-11-22 11:13:29,单词和音标之间建议隔一段时间,朗读不自然,
2025-11-22 12:28:16,没有声音没有声音没有声音怎么办怎么读啊？没有声音啊这个没有声音，我们怎么读啊能不能弄出声音，能的话快点快点快点能的吗没有声音，没有声音，没有声音，没有声音，没有声音，没有声音怎么办快点给我说，求你了没有声音怎么办？声音。能不能弄出声音来可以的话快点快点，快点快点。能不能弄出声音，声音，声音，声音能不能弄出声音能不能弄出声音能不能我需要声音，要不然怎么读这是英语呀快点说，这是英语没有声音没有声音。。,缺少中文朗读,
2025-11-22 19:52:59,有一个地方读错了,发音不准确,
2025-11-23 11:50:36,只读文字不读英语。,缺少中文朗读,
2025-11-23 17:33:15,本来有歌唱感的，读去没有歌唱感。,朗读不自然,
2025-11-23 17:53:43,速度太快，翻译有的都又翻译上,朗读速度问题,
2025-11-24 12:02:48,我去读的什么东西啊，阿巴阿巴的，跟坨屎一样,朗读不自然,
2025-11-24 23:12:08,产品建议，我要的是你读好。,朗读功能优化,希望改进朗读效果，提升自然度
2025-11-25 19:46:07,听不见听不见产品经理,朗读不自然,
2025-11-25 20:07:09,说话一顿一顿的，也有很多扫不上。,朗读卡顿重复,
2025-11-25 20:33:22,你这个为什么不可以点读,朗读功能优化,希望能点读翻译结果，辅助学习发音
2025-11-25 20:55:33,不按顺序读，每个读每个都不按顺序读,朗读卡顿重复,
2025-11-25 21:16:20,太快了都没有停顿。,朗读速度问题,
2025-11-25 21:22:38,张鹏发音都不对，张鹏读的都不对，太差了，发音一点都不对，识别不出来，而且还没真人读的好，小学生都比这个读的好，读的太差，机器都识别不出来，建议把这个扔了，出这个的人真的是。,发音不准确,
2025-11-26 20:02:53,"发音不标准。这还容易错。要发音标准还不容易错，还得a加的。老师还要给你奖励的那一种。那我们就可以。苹果发音不标准。，Apple, apple.The ap别人是apple，结果他是Apple我太无语了，能不能给我搞好一点？求你了，AI。这样子我才不被老师批评呢，我今天都被老师打了20下了，手肿了。了，结果我同学还拿那你给我还是洗过的痛死。你们给我写好一点，可以吗？让我的a加买不要的那个。AA点曛2",发音不准确,
2025-11-26 20:34:13,"读太快了，慢了又像机器人一样。
",朗读不自然,
2025-11-26 21:13:38,为什么不给我显示发音,缺少中文朗读,
2025-11-26 21:19:45,翻译的时候可以让大家读,朗读功能优化,希望改进朗读功能，辅助学习发音
2025-11-26 21:53:07,banana读不准确。,发音不准确,
2025-11-27 07:30:08,Read too fast.,朗读速度问题,
2025-11-27 20:14:44,不按照顺序弄，让人读不好,朗读不自然,
2025-11-27 20:19:36,一句话不能反复读！！,朗读卡顿重复,
2025-11-27 21:08:41,慢点读，一个字母一个字母的读 ,朗读速度问题,
2025-11-28 06:18:55,有的翻译没有说怎么读？,Audio_Issues,
2025-11-28 06:27:06,翻译没有跟读读音,缺少中文朗读,
2025-11-29 08:41:33,能不能全部一起读,朗读不自然,
2025-11-29 09:11:00,你不会读我让你原读，你不读,朗读功能优化,希望改进朗读功能，准确朗读内容
2025-11-29 16:08:09,card读成了siard,发音不准确,
2025-11-29 17:13:07,可以让我们读一读吗？,朗读功能优化,希望能听到翻译后的朗读
2025-11-29 17:53:36,建议课文点读时，不要读单词后面的音标，或读完单词后停一会儿再读，不然单词和音标和在一起了，不太好纷辨,朗读不自然,
2025-11-29 17:54:15,这个只给他展现中文，它不能读英文,朗读不自然,
2025-11-29 18:06:22,"
读的时候正在读第一个，它就变成这样了",朗读卡顿重复,
2025-11-29 20:43:06,发音一点都不标准,发音不准确,
2025-11-30 10:29:58,请点读英文也要点读,朗读功能优化,希望点读英文时能朗读
2025-11-30 12:32:30,为什么不能一整篇朗读翻译，,朗读功能优化,希望能完整朗读整篇翻译内容
2025-11-30 17:51:39,为什么不能念中文？,缺少中文朗读,
2025-11-30 17:53:19,读得太快了，根本一点儿。跟不上。,朗读速度问题,
2025-11-30 19:04:50,希望可以读得更准确，更清楚，他这个读的话有点不太清楚了，感觉模模糊糊的，但不过还是很好,发音不准确,
2025-11-30 19:37:59,我要的是你一点一个单词带我读,朗读功能优化,单词学习，逐词跟读辅助发音
2025-11-30 19:53:52,讲慢速度的时候还是那么快。,朗读速度问题,
2025-11-30 22:31:35,朗读中的一句话太长了,朗读速度问题,
2025-12-01 19:49:39,播放设置交再交很慢。,朗读速度问题,
2025-12-01 20:37:40,最合一匀发音不标准,发音不准确,
2025-12-01 20:45:23,men读成mer,发音不准确,
2025-12-01 21:07:31,说的太快了，听不懂，请说慢一点,朗读速度问题,
2025-12-01 21:51:10,把某种单词的其它形式读来，如：are→been，are要读，been写要读,发音不准确,
2025-12-01 22:08:38,建议可以文内分段读,朗读功能优化,希望按段落自然朗读文本内容
2025-12-02 20:17:54,读的太快了11111111111111111,朗读速度问题,
2025-12-03 07:17:56,读的音和老师说的不一样,发音不准确,
2025-12-03 20:02:14,有一些字母没有发音,朗读功能优化,学习单词发音，辅助口语练习
2025-12-03 20:21:30,声音不好听′奇怪的很😓😓😓,朗读不自然,
2025-12-03 20:47:52,读的时候明明一段一段的他都成一句话。,朗读不自然,
2025-12-03 20:55:41,你根本才没有反应出来给我，我让你帮我读下这些单词好不好？,朗读不自然,
2025-12-03 20:56:18,我觉得可以再加一些，读到哪里了我都不知道→_→,朗读不自然,
2025-12-03 21:41:37,"声音太幼稚了也什么玩意


",朗读不自然,
2025-12-03 22:52:39,有的单词没有读音,缺少中文朗读,
2025-12-04 12:58:09, 读的太快，听不清楚,朗读速度问题,
2025-12-04 18:31:33,念的时候可以不念人名。,朗读不自然,
2025-12-04 21:22:24,希望您讲好一点，这个声音太难听了,朗读不自然,
2025-12-05 19:42:26,为什么字母就不可以有发音？,Audio_Issues,希望字母也能发音
2025-12-05 20:31:22,有些读的一点也听不懂。,朗读不自然,
2025-12-06 10:41:51,啥子东西？能不能读标准一点？,发音不准确,
2025-12-06 11:28:00,特别好，就有点快。读的也很标准，很易懂,朗读速度问题,
2025-12-06 18:12:11,有的单词念错了！还有说话太快了我赶不上？,发音不准确,
2025-12-06 18:40:37,读单词时会有些卡顿,朗读卡顿重复,
2025-12-07 00:34:03,原文点读。太快或者听不清楚。,朗读速度问题,
2025-12-07 10:34:09,表扬你就是发音有点不对,发音不准确,
2025-12-07 11:41:45,有的时候那个读的时候啊，他这个地方本来是读这个的，他就去读那个了,发音不准确,
2025-12-07 17:42:05,读音rang有问题。,发音不准确,
2025-12-07 17:49:35,还有英文却点读不了,朗读不自然,
2025-12-07 20:36:50,读的总是有点快，比如那个ch,朗读速度问题,
2025-12-07 20:55:03,读的时候读一段停一会,朗读卡顿重复,
2025-12-07 21:52:25,有一些单词没读出来,朗读不自然,
2025-12-08 19:06:43,有些词根本就没有读音,发音朗读问题,
2025-12-08 19:25:29,我以经点了词语，但是你没有读,朗读功能优化,点选词语后希望听到正确发音
2025-12-08 20:00:53,建议下次说话的时候调一个就是0.75，稍微再慢一点的。然后再设计一个0.75，稍微再快一点的那个正常速度感觉太快，但是那个连点器我就感觉他有点跟不上。,朗读速度问题,
2025-12-08 20:23:25,翻译不标准，音标错误,发音不准确,
2025-12-08 20:35:57,我服了吧，又不给读音，我怎么知道怎么读？,缺少中文朗读,
2025-12-08 20:55:52,有一些英语没有点读到,朗读不自然,
2025-12-09 18:18:19,读的时候不是很清晰。,朗读不自然,
2025-12-09 18:20:51,应该把英文的读法也给写上,发音朗读问题,
2025-12-09 18:26:52,说英文的时候要有一点感情,朗读不自然,
2025-12-09 19:57:22,应该是goaway.但你读成了anaway.,发音不准确,
2025-12-10 17:52:06,"你们能不能发音准一点点呢？
",发音不准确,
2025-12-10 18:04:37,"这个的话读的太快了，根本跟不上，而且复读机智也不好，复读的话应该是一竖行一竖行读的，然后呢，他连读的话是按上下高低的。而且用用英语的话，他还会重读一遍音标，发音不标准，而且还快，建议这里用真人语音。开了一倍速和开了二倍速一样。这里还识字不标准，有很多字有可能不读，然后呢，我把一个单词油笔涂了一下。它没识别出来，让我不会读，然后呢就是他音标也读得不标准， l总是总是被读成一
",朗读卡顿重复,
2025-12-10 18:51:51,读的太快了，有些字我根本听不清，请可以改一下吗？吐字能吐清楚点不？,朗读速度问题,
2025-12-10 19:41:00,"这个英语读的不好，这好人机一样
",朗读不自然,
2025-12-10 19:51:42,读的太快了吧？不讲自然拼读,朗读速度问题,
2025-12-11 20:55:12,为啥不告诉我们th读啥？,发音不准确,
2025-12-11 22:53:22,如果有中文朗读就好了,缺少中文朗读,
2025-12-12 21:33:00,发音不标准，AT要换真人。,发音不准确,
2025-12-13 10:09:29,能不能增加点个别句子跟读,朗读功能优化,学习单词或句子发音，跟读练习
2025-12-13 13:00:55,有些单词没有读音,发音朗读问题,
2025-12-13 21:42:25,为什么不能？为什么不能全部的将它给读呢？你非要这样，这让我怎么记啊？tmd。你懂不懂？这很难记的，你懂不懂啊？我劝你啊，你把他们一起读了，这样才好记，我读了半个小时了还不会我就给他改了啊孩子真的建议你给他改了，因为你背首特别难背啊。,朗读不自然,
2025-12-14 14:24:46,下个月的英文读音不对,发音不准确,
2025-12-14 17:20:22,明明已点击暂停，却还继续读。,朗读卡顿重复,
2025-12-14 19:55:52,小猿口算请给我弄念英语，不给我弄字,Audio_Issues,希望只朗读英文不显示文字
2025-12-14 20:10:58,可以点读一下英文翻译的吗？,朗读功能优化,学习英语，点读英文翻译内容
2025-12-14 20:17:22,建议原文点读的时候有中文!!!,Audio_Issues,希望点读时提供中文朗读
2025-12-14 21:33:36,点击一下就没有声音。,朗读不自然,
2025-12-14 22:05:32,官方把这个声音改成可以变成任何声音的行吗?,朗读功能优化,自定义朗读声音，满足个性化需求
2025-12-14 22:13:22,念的太卡了 建议顺畅一点,朗读卡顿重复,
2025-12-15 17:56:03,除了单词，后面不要读,朗读不自然,
2025-12-15 18:19:18,"发音不标准，还有为什么要读两次？
",发音不准确,
2025-12-15 19:56:37,点读不了，听不到声音，总是说:对不起，你能再点一次吗？,朗读卡顿重复,
2025-12-16 18:47:21,你那个没有重复读的！,朗读卡顿重复,
2025-12-16 19:28:25,在英语中这是一道题然而它上面有一些没学过单词的提示所以小园也读出来了我希望小圆不要把那个括号里面的字读出来,朗读不自然,
2025-12-16 19:58:56,朗读时生音不规范,发音不准确,
2025-12-16 20:24:48,不按顺序读改一下谢谢,朗读不自然,
2025-12-17 20:51:29,读太快了，声音太模糊了,朗读速度问题,
2025-12-17 21:00:38,总是读音标，听的乱乱的,发音不准确,
2025-12-17 21:26:23,把最短的读成最长的。,朗读不自然,
2025-12-18 19:12:25,为什么我拍的很整齐，他有些不会读呢？,发音不准确,
2025-12-18 19:19:04,我读的对的，然后你读的错的，我奶就跟上你读的错的，然后就说我的错了，你有毛病吧？,发音不准确,
2025-12-18 19:31:28,一句并成两句的录音,朗读卡顿重复,
2025-12-18 21:00:02,不能一下子读出来,朗读不自然,
2025-12-18 21:53:52,为什么只读英文不读中文,缺少中文朗读,
